{"cameraMode":{"drawMode":0,"name":"Shaded","section":"Shading Mode"},"sceneLighting":false,"audioPlay":false,"sceneViewState":{"m_AlwaysRefresh":false,"showFog":true,"showSkybox":false,"showFlares":true,"showImageEffects":true,"showParticleSystems":true,"showVisualEffectGraphs":true,"m_FxEnabled":true},"in2DMode":false,"pivot":{"x":-1.820000171661377,"y":5.079062461853027,"z":0.01644507795572281},"rotation":{"x":-0.06626097857952118,"y":-0.0023974969517439605,"z":0.00015935928968247026,"w":-0.997802197933197},"size":8.429489135742188,"orthographic":false}